"Title: Health Care Expenditures per Capita by Service by State of Residence | The Henry J. Kaiser Family Foundation"
"Timeframe: 1991 - 2014"
"Location","1991__Hospital Care","1991__Physician and Clinical Services","1991__Other Professional Services","1991__Prescription Drugs and Other Medical Nondurables","1991__Nursing Home Care","1991__Dental Services","1991__Home Health Care","1991__Medical Durables","1991__Other Health, Residential, and Personal Care","1992__Hospital Care","1992__Physician and Clinical Services","1992__Other Professional Services","1992__Prescription Drugs and Other Medical Nondurables","1992__Nursing Home Care","1992__Dental Services","1992__Home Health Care","1992__Medical Durables","1992__Other Health, Residential, and Personal Care","1993__Hospital Care","1993__Physician and Clinical Services","1993__Other Professional Services","1993__Prescription Drugs and Other Medical Nondurables","1993__Nursing Home Care","1993__Dental Services","1993__Home Health Care","1993__Medical Durables","1993__Other Health, Residential, and Personal Care","1994__Hospital Care","1994__Physician and Clinical Services","1994__Other Professional Services","1994__Prescription Drugs and Other Medical Nondurables","1994__Nursing Home Care","1994__Dental Services","1994__Home Health Care","1994__Medical Durables","1994__Other Health, Residential, and Personal Care","1995__Hospital Care","1995__Physician and Clinical Services","1995__Other Professional Services","1995__Prescription Drugs and Other Medical Nondurables","1995__Nursing Home Care","1995__Dental Services","1995__Home Health Care","1995__Medical Durables","1995__Other Health, Residential, and Personal Care","1996__Hospital Care","1996__Physician and Clinical Services","1996__Other Professional Services","1996__Prescription Drugs and Other Medical Nondurables","1996__Nursing Home Care","1996__Dental Services","1996__Home Health Care","1996__Medical Durables","1996__Other Health, Residential, and Personal Care","1997__Hospital Care","1997__Physician and Clinical Services","1997__Other Professional Services","1997__Prescription Drugs and Other Medical Nondurables","1997__Nursing Home Care","1997__Dental Services","1997__Home Health Care","1997__Medical Durables","1997__Other Health, Residential, and Personal Care","1998__Hospital Care","1998__Physician and Clinical Services","1998__Other Professional Services","1998__Prescription Drugs and Other Medical Nondurables","1998__Nursing Home Care","1998__Dental Services","1998__Home Health Care","1998__Medical Durables","1998__Other Health, Residential, and Personal Care","1999__Hospital Care","1999__Physician and Clinical Services","1999__Other Professional Services","1999__Prescription Drugs and Other Medical Nondurables","1999__Nursing Home Care","1999__Dental Services","1999__Home Health Care","1999__Medical Durables","1999__Other Health, Residential, and Personal Care","2000__Hospital Care","2000__Physician and Clinical Services","2000__Other Professional Services","2000__Prescription Drugs and Other Medical Nondurables","2000__Nursing Home Care","2000__Dental Services","2000__Home Health Care","2000__Medical Durables","2000__Other Health, Residential, and Personal Care","2001__Hospital Care","2001__Physician and Clinical Services","2001__Other Professional Services","2001__Prescription Drugs and Other Medical Nondurables","2001__Nursing Home Care","2001__Dental Services","2001__Home Health Care","2001__Medical Durables","2001__Other Health, Residential, and Personal Care","2002__Hospital Care","2002__Physician and Clinical Services","2002__Other Professional Services","2002__Prescription Drugs and Other Medical Nondurables","2002__Nursing Home Care","2002__Dental Services","2002__Home Health Care","2002__Medical Durables","2002__Other Health, Residential, and Personal Care","2003__Hospital Care","2003__Physician and Clinical Services","2003__Other Professional Services","2003__Prescription Drugs and Other Medical Nondurables","2003__Nursing Home Care","2003__Dental Services","2003__Home Health Care","2003__Medical Durables","2003__Other Health, Residential, and Personal Care","2004__Hospital Care","2004__Physician and Clinical Services","2004__Other Professional Services","2004__Prescription Drugs and Other Medical Nondurables","2004__Nursing Home Care","2004__Dental Services","2004__Home Health Care","2004__Medical Durables","2004__Other Health, Residential, and Personal Care","2005__Hospital Care","2005__Physician and Clinical Services","2005__Other Professional Services","2005__Prescription Drugs and Other Medical Nondurables","2005__Nursing Home Care","2005__Dental Services","2005__Home Health Care","2005__Medical Durables","2005__Other Health, Residential, and Personal Care","2006__Hospital Care","2006__Physician and Clinical Services","2006__Other Professional Services","2006__Prescription Drugs and Other Medical Nondurables","2006__Nursing Home Care","2006__Dental Services","2006__Home Health Care","2006__Medical Durables","2006__Other Health, Residential, and Personal Care","2007__Hospital Care","2007__Physician and Clinical Services","2007__Other Professional Services","2007__Prescription Drugs and Other Medical Nondurables","2007__Nursing Home Care","2007__Dental Services","2007__Home Health Care","2007__Medical Durables","2007__Other Health, Residential, and Personal Care","2008__Hospital Care","2008__Physician and Clinical Services","2008__Other Professional Services","2008__Prescription Drugs and Other Medical Nondurables","2008__Nursing Home Care","2008__Dental Services","2008__Home Health Care","2008__Medical Durables","2008__Other Health, Residential, and Personal Care","2009__Hospital Care","2009__Physician and Clinical Services","2009__Other Professional Services","2009__Prescription Drugs and Other Medical Nondurables","2009__Nursing Home Care","2009__Dental Services","2009__Home Health Care","2009__Medical Durables","2009__Other Health, Residential, and Personal Care","2010__Hospital Care","2010__Physician and Clinical Services","2010__Other Professional Services","2010__Prescription Drugs and Other Medical Nondurables","2010__Nursing Home Care","2010__Dental Services","2010__Home Health Care","2010__Medical Durables","2010__Other Health, Residential, and Personal Care","2011__Hospital Care","2011__Physician and Clinical Services","2011__Other Professional Services","2011__Prescription Drugs and Other Medical Nondurables","2011__Nursing Home Care","2011__Dental Services","2011__Home Health Care","2011__Medical Durables","2011__Other Health, Residential, and Personal Care","2012__Hospital Care","2012__Physician and Clinical Services","2012__Other Professional Services","2012__Prescription Drugs and Other Medical Nondurables","2012__Nursing Home Care","2012__Dental Services","2012__Home Health Care","2012__Medical Durables","2012__Other Health, Residential, and Personal Care","2013__Hospital Care","2013__Physician and Clinical Services","2013__Other Professional Services","2013__Prescription Drugs and Other Medical Nondurables","2013__Nursing Home Care","2013__Dental Services","2013__Home Health Care","2013__Medical Durables","2013__Other Health, Residential, and Personal Care","2014__Hospital Care","2014__Physician and Clinical Services","2014__Other Professional Services","2014__Prescription Drugs and Other Medical Nondurables","2014__Nursing Home Care","2014__Dental Services","2014__Home Health Care","2014__Medical Durables","2014__Other Health, Residential, and Personal Care"
"United States","1090","695","73","267","195","132","60","52","108","1164","741","81","274","206","145","73","53","115","1215","775","88","282","215","150","88","54","129","1248","800","91","294","222","158","104","58","142","1274","827","100","319","241","168","121","60","156","1302","848","107","349","257","174","133","65","171","1333","877","115","386","272","184","135","70","183","1359","931","121","424","287","194","124","77","202","1411","968","124","484","289","205","117","83","212","1473","1023","130","541","301","220","114","89","227","1577","1099","141","601","319","237","120","88","246","1691","1176","151","665","329","255","127","94","267","1813","1259","160","734","345","262","138","98","284","1931","1333","171","789","359","279","152","104","305","2059","1401","179","832","377","293","167","110","322","2183","1460","185","898","389","305","174","115","339","2297","1522","199","941","415","322","191","123","360","2386","1588","212","957","428","335","204","124","377","2542","1626","219","988","440","333","219","123","402","2659","1659","226","983","453","340","229","129","417","2734","1721","233","999","465","344","237","136","422","2875","1777","243","996","469","346","245","139","443","2966","1801","249","1014","472","348","253","143","456","3079","1874","260","1114","479","354","262","146","475"
"Alabama","1092","708","44","288","133","98","62","49","61","1201","709","50","298","147","110","79","50","71","1225","766","53","313","153","114","104","50","76","1257","815","55","331","159","121","118","52","82","1345","813","67","346","180","128","139","53","92","1411","825","76","382","201","135","150","56","99","1405","891","88","438","228","143","150","60","138","1379","950","91","476","246","148","128","69","113","1407","961","88","541","257","160","106","78","115","1448","1022","93","607","267","170","99","88","138","1505","1086","94","679","285","181","102","91","144","1590","1182","101","776","292","198","109","101","163","1680","1413","109","862","305","217","120","102","187","1757","1436","121","958","320","215","141","105","200","1919","1446","125","1000","343","228","161","108","215","1980","1451","125","1103","353","237","171","112","223","2007","1468","132","1155","374","248","175","116","254","2031","1522","139","1194","382","257","183","117","273","2158","1551","143","1260","376","254","193","118","273","2201","1563","147","1259","380","263","199","125","284","2248","1607","148","1242","386","266","201","130","314","2440","1662","157","1272","385","270","199","133","303","2573","1666","167","1283","387","276","197","137","309","2625","1739","170","1407","391","279","202","142","324"
"Alaska","1105","706","87","249","77","179","7","50","97","1155","717","96","254","85","196","9","51","84","1210","752","100","256","83","210","12","52","96","1251","761","94","269","82","225","20","56","106","1402","816","107","258","85","233","27","58","123","1536","893","116","294","86","247","27","62","149","1638","943","124","340","88","263","29","67","161","1650","1042","127","369","107","273","20","73","187","1753","1101","141","420","123","271","19","78","206","1947","1192","169","462","148","303","18","83","243","2194","1389","192","501","179","317","21","82","295","2287","1640","202","558","157","344","39","89","354","2410","1756","225","633","163","358","61","91","402","2527","1911","250","645","166","365","93","96","402","2906","2075","263","683","167","385","98","100","468","3131","2128","264","739","166","396","92","102","460","3364","2241","295","781","172","435","83","106","499","3659","2324","322","763","171","463","90","112","543","3815","2467","343","720","170","450","112","113","555","3996","2598","341","680","171","467","147","119","610","4112","2822","378","664","173","461","183","127","666","4198","3069","406","640","179","507","222","131","779","4379","3179","435","584","188","522","210","132","800","4715","3368","465","640","204","542","195","139","797"
"Arizona","902","762","73","259","129","124","39","74","86","938","775","77","261","127","132","45","74","77","950","817","81","278","145","137","56","75","82","964","790","84","285","155","141","93","78","88","956","776","93","303","177","149","88","77","98","958","791","98","325","196","153","96","81","104","973","806","102","338","169","155","91","88","110","1010","843","105","380","163","167","77","92","124","1026","887","106","435","160","177","74","96","135","1086","890","110","466","165","196","75","104","133","1136","968","118","496","172","216","84","104","145","1271","1092","132","518","174","230","85","113","163","1401","1127","139","577","181","243","101","120","187","1492","1212","158","622","184","266","112","127","214","1739","1276","166","672","193","283","121","137","239","1796","1322","176","758","198","303","116","145","290","1897","1388","189","808","217","318","116","160","316","1981","1478","203","814","232","320","129","157","348","2125","1532","208","785","235","314","134","154","386","2223","1566","211","768","258","308","125","159","409","2206","1653","221","779","276","310","135","166","329","2267","1693","225","759","284","332","141","168","313","2334","1713","235","727","284","338","137","171","322","2337","1774","248","814","286","335","136","175","347"
"Arkansas","1008","626","55","255","172","93","41","36","78","1070","628","64","261","184","103","54","37","93","1102","673","66","264","192","107","59","37","103","1131","692","71","281","204","114","81","39","119","1190","708","83","300","228","128","90","38","131","1263","693","86","338","250","136","92","40","142","1301","745","101","366","266","144","110","43","152","1353","752","106","400","273","144","113","50","164","1382","816","114","451","269","156","119","57","183","1443","878","113","483","280","172","109","65","194","1576","931","122","542","297","183","116","67","195","1694","1009","129","624","317","195","121","77","194","1777","1091","136","686","338","206","115","76","191","1844","1181","146","735","351","215","111","76","239","1958","1287","150","795","374","228","115","78","268","2011","1334","153","887","385","234","104","79","282","2077","1395","173","968","410","255","106","80","303","2190","1427","185","996","415","264","118","82","322","2297","1424","189","1055","422","271","136","83","362","2357","1399","202","1055","433","270","148","87","461","2407","1449","220","1057","434","278","157","92","490","2530","1485","231","1036","439","299","172","97","515","2558","1497","246","1047","440","304","170","101","567","2673","1635","262","1169","440","309","181","104","635"
"California","981","905","100","253","118","173","38","36","69","1038","970","108","256","125","185","48","36","72","1074","1008","111","252","130","195","55","38","78","1081","1019","112","252","131","205","66","41","86","1075","1045","116","257","142","212","74","42","94","1066","1076","119","270","153","221","77","45","101","1061","1082","124","297","159","230","78","49","111","1121","1132","130","324","172","247","77","53","115","1178","1105","130","366","167","249","87","56","125","1223","1099","136","402","181","260","91","58","128","1330","1134","149","453","196","276","103","58","141","1414","1188","161","516","203","305","117","61","160","1520","1307","171","585","214","320","138","65","169","1615","1389","177","620","219","333","158","70","200","1709","1508","174","660","230","355","183","74","213","1812","1549","182","729","247","362","200","79","237","1898","1676","196","783","265","383","229","86","260","2015","1734","208","809","285","405","233","85","264","2134","1730","214","829","308","387","240","84","284","2310","1809","208","826","324","377","245","86","294","2451","1852","205","843","341","376","256","90","324","2561","1877","209","846","352","372","275","93","434","2695","1897","209","875","360","369","287","94","471","2753","1983","217","955","383","376","291","97","495"
"Colorado","964","674","89","239","152","152","37","75","116","1012","723","95","245","161","162","46","75","116","1017","722","101","281","166","170","57","75","126","1021","756","102","278","171","179","65","77","139","1056","769","122","281","185","195","78","78","152","1063","785","137","299","202","199","91","83","167","1079","819","138","323","213","209","97","89","161","1101","946","146","353","215","223","89","98","179","1147","960","155","408","212","237","86","106","183","1240","1053","167","438","217","262","78","116","197","1352","1090","182","466","229","275","77","113","209","1444","1178","197","487","234","301","81","119","218","1543","1304","201","522","247","310","87","124","232","1669","1348","204","549","256","333","93","130","249","1700","1357","200","581","278","338","97","137","249","1834","1467","203","648","279","342","97","143","251","1952","1449","218","695","306","364","127","150","261","2049","1476","236","668","326","375","129","150","277","2209","1481","235","641","344","388","141","147","296","2326","1468","248","599","356","387","152","151","292","2363","1509","272","601","371","394","162","159","300","2439","1523","286","611","379","408","173","163","323","2600","1516","304","605","383","413","181","167","304","2739","1602","325","681","385","419","192","172","290"
"Connecticut","1178","813","82","290","420","193","90","49","200","1246","846","112","300","434","211","105","49","223","1284","860","117","306","457","203","125","48","250","1319","911","111","317","487","208","162","53","281","1306","999","121","367","533","219","194","57","310","1333","1001","135","398","556","226","210","62","316","1371","1048","165","435","594","245","210","70","325","1422","1125","176","494","621","255","203","78","364","1461","1132","177","571","648","278","205","84","400","1491","1208","187","638","667","293","193","91","418","1605","1327","201","720","691","315","201","89","413","1733","1401","211","801","694","349","204","92","458","1852","1455","220","908","720","351","207","94","419","2001","1575","233","993","733","379","218","99","508","2021","1550","237","1201","779","388","227","106","488","2211","1647","239","1216","804","399","223","111","541","2310","1758","261","1294","852","425","232","118","543","2450","1853","276","1301","873","445","246","117","657","2684","1909","288","1347","862","443","251","117","839","2830","1938","288","1308","858","452","255","124","810","2981","1995","290","1313","858","452","267","129","666","3115","2093","298","1309","847","460","266","133","779","3268","2103","304","1350","842","463","278","135","775","3326","2186","322","1476","854","469","296","141","790"
"Delaware","1165","738","80","295","199","132","49","70","108","1242","776","93","305","203","153","60","74","132","1351","803","102","309","211","158","74","78","147","1417","863","114","321","216","177","100","86","174","1469","874","112","342","233","201","131","91","184","1416","893","103","382","251","234","156","102","204","1533","961","117","437","271","232","147","114","214","1554","995","122","502","312","224","127","125","242","1610","1161","136","590","323","255","109","133","250","1617","1213","147","667","351","276","105","140","266","1730","1277","174","726","383","286","114","134","267","1885","1431","190","826","368","300","117","137","282","2142","1625","196","881","381","317","125","139","357","2305","1682","213","954","435","345","128","148","408","2527","1722","226","984","472","355","141","155","397","2672","1768","220","1111","460","360","156","163","403","2861","1837","235","1158","524","381","159","173","399","2951","1967","249","1221","567","411","185","172","412","3043","2031","263","1237","611","412","203","175","428","3368","2059","282","1244","614","424","215","180","437","3528","2167","296","1288","599","436","234","188","477","3680","2210","325","1287","592","409","244","189","496","3922","2173","340","1356","593","402","242","193","544","4078","2259","348","1525","608","409","239","197","591"
"District of Columbia","2413","1017","75","264","340","156","55","56","285","2662","1122","110","267","372","177","69","58","348","2834","1130","111","271","371","177","84","58","407","2851","1168","112","241","380","197","99","65","411","2838","1194","127","309","410","224","100","69","389","3030","1137","131","335","432","240","111","77","381","3039","1120","138","346","428","249","124","85","414","3129","1117","149","358","446","238","133","92","461","3195","1151","149","395","448","260","113","96","469","3057","1242","144","431","460","266","111","98","504","3214","1389","146","467","467","262","106","96","517","3430","1531","161","503","531","297","123","105","506","3694","1611","167","589","562","299","133","105","502","4030","1799","170","673","585","316","154","109","559","4410","1647","172","707","611","330","194","110","583","4541","1646","180","797","626","365","260","115","473","4680","1790","189","890","660","380","358","114","501","4796","1913","197","947","661","420","443","118","465","4952","1901","194","1052","686","413","589","109","542","4916","1958","194","1041","677","427","521","113","1030","5088","2118","204","1031","654","442","571","117","1056","5113","2181","213","1021","632","419","545","116","984","5181","2306","213","1034","593","424","600","116","997","5233","2457","223","1171","583","410","653","116","1098"
"Florida","1109","915","84","281","179","133","88","96","64","1169","971","99","285","196","148","113","100","72","1210","1003","108","300","208","154","139","105","86","1221","1019","115","330","220","158","159","111","100","1238","1006","122","372","246","166","179","111","109","1276","1014","132","421","266","174","189","121","116","1311","1041","142","469","287","182","183","133","116","1317","1060","147","533","302","185","166","143","123","1362","1114","144","625","287","193","152","148","134","1435","1209","148","708","295","203","154","159","148","1515","1309","166","743","308","214","161","154","174","1635","1386","174","766","330","231","165","162","177","1712","1498","184","833","347","224","179","171","186","1801","1593","195","915","353","261","201","185","187","1882","1659","213","962","361","269","222","199","191","1992","1728","214","1040","374","284","237","213","202","2079","1796","230","1070","406","295","259","231","219","2138","1917","253","1092","423","295","278","227","230","2306","1959","266","1133","440","282","291","221","234","2408","1959","275","1141","460","286","294","233","242","2404","2042","283","1143","494","292","287","243","220","2559","2105","284","1125","492","313","284","243","230","2592","2117","289","1096","492","320","288","248","244","2732","2192","301","1232","489","329","294","253","254"
"Georgia","1064","687","63","270","131","116","64","57","47","1131","736","73","276","131","129","85","56","53","1187","768","78","285","147","133","110","59","60","1203","765","81","300","158","141","125","62","69","1221","835","83","314","159","149","139","64","75","1245","855","88","341","179","153","137","69","82","1248","888","95","375","190","163","126","74","91","1268","938","94","402","198","173","119","81","96","1276","964","95","460","197","185","96","85","100","1340","965","99","511","205","204","87","90","104","1409","1027","106","550","212","220","81","89","114","1485","1145","117","618","217","237","87","95","134","1580","1166","132","685","227","244","92","99","134","1650","1304","141","753","243","255","106","105","176","1746","1292","150","780","261","278","110","113","160","1817","1415","156","832","261","289","111","119","149","1873","1416","172","854","271","299","112","124","208","1881","1449","177","857","280","297","123","122","172","1989","1466","177","875","276","297","134","121","177","2015","1484","188","848","283","295","140","124","177","2050","1560","192","850","292","297","153","132","187","2198","1649","201","841","296","305","161","132","225","2340","1681","206","855","299","311","170","136","251","2446","1817","211","938","294","319","163","140","259"
"Hawaii","1051","742","81","318","128","168","14","50","49","1125","770","90","314","130","187","16","52","45","1213","826","98","332","129","204","21","56","53","1278","919","99","332","126","209","31","64","66","1327","1019","98","334","129","220","43","70","80","1416","1122","92","341","138","220","54","81","64","1347","1113","89","376","150","219","64","92","68","1332","1201","97","402","164","218","66","100","80","1388","1163","104","450","167","237","66","105","96","1428","1157","118","471","177","245","69","110","108","1577","1124","131","530","180","261","76","105","119","1614","1218","154","598","210","284","86","109","133","1747","1299","160","676","220","289","88","114","157","1787","1342","176","791","236","296","91","120","178","1951","1388","183","854","262","317","115","129","188","2009","1458","182","895","277","314","110","136","173","2139","1636","208","978","304","344","110","146","233","2313","1663","215","1026","319","353","111","149","234","2412","1701","219","1068","335","350","117","153","188","2421","1709","213","1021","334","356","118","157","167","2395","1781","214","1004","335","353","121","161","163","2605","1829","218","1013","336","345","130","163","165","2689","1850","222","1037","346","341","143","165","162","2764","1922","233","1181","350","344","163","170","174"
"Idaho","832","552","67","222","141","137","27","63","83","893","573","74","226","152","157","35","67","78","907","604","80","236","155","166","49","68","87","934","596","86","237","156","180","61","71","90","978","634","99","244","167","190","74","72","95","1043","655","104","273","170","196","86","75","107","1077","696","112","305","173","207","86","80","122","1138","736","120","329","185","222","60","83","146","1198","766","131","361","184","232","60","88","157","1245","808","143","398","192","261","64","93","189","1350","848","149","444","205","276","72","91","217","1466","930","158","523","210","315","79","98","229","1561","977","177","582","225","311","83","103","234","1610","1042","198","611","241","330","89","110","261","1755","1107","205","638","259","342","96","117","280","1885","1155","215","686","257","359","94","124","282","1992","1181","226","708","276","378","104","134","309","2011","1236","240","713","295","403","113","130","319","2162","1263","252","722","318","391","131","128","333","2316","1272","260","721","318","390","146","133","442","2523","1285","275","736","347","385","151","139","295","2748","1256","275","724","353","386","165","142","332","2860","1281","292","730","362","387","170","147","364","3038","1325","302","796","366","389","178","149","383"
"Illinois","1222","654","64","252","209","125","49","41","113","1301","698","72","256","221","138","65","41","123","1352","740","80","267","228","144","73","43","134","1398","773","85","290","235","152","84","46","139","1429","792","93","318","250","161","98","48","152","1452","818","101","354","259","167","100","52","172","1494","840","107","386","270","177","104","56","190","1510","911","113","418","286","186","93","62","211","1558","927","114","483","293","194","88","67","213","1626","1000","125","530","308","212","86","72","228","1716","1053","137","585","323","239","90","72","251","1822","1167","148","626","329","251","94","77","279","1937","1238","171","676","336","261","98","80","283","2044","1290","179","730","349","274","110","86","300","2184","1348","193","757","365","291","121","91","339","2322","1434","208","823","383","302","129","98","334","2530","1503","228","861","416","319","142","104","351","2583","1562","246","884","434","327","159","105","353","2698","1613","254","931","444","328","178","105","367","2836","1669","274","940","470","352","201","110","402","2916","1720","288","956","486","341","214","116","392","3034","1786","304","939","499","352","217","120","413","3188","1816","314","936","509","351","219","125","452","3380","1876","339","1006","517","357","218","128","439"
"Indiana","1034","592","58","276","265","102","34","60","121","1112","640","64","289","287","118","46","61","123","1186","694","71","302","294","122","57","62","130","1215","706","76","317","295","129","68","66","136","1246","703","86","351","312","142","82","67","139","1200","726","91","376","322","150","92","73","145","1336","746","95","402","330","159","94","80","155","1387","825","102","432","344","168","80","87","172","1460","880","98","504","342","185","72","93","170","1527","921","102","564","359","200","68","101","184","1598","1025","115","631","382","218","71","99","205","1717","1078","122","707","390","237","73","106","233","1859","1162","130","771","407","243","80","108","268","2045","1243","141","803","426","258","89","113","290","2124","1325","143","813","459","272","97","118","284","2288","1407","149","868","478","278","100","125","291","2455","1438","157","885","512","293","107","133","298","2478","1486","170","887","525","294","115","135","322","2756","1494","176","922","544","299","125","135","341","2857","1545","183","934","547","303","133","142","344","2999","1625","199","967","554","313","138","150","341","3375","1729","217","997","560","325","149","155","340","3320","1788","229","1031","562","325","159","160","349","3492","1841","242","1119","580","328","162","164","372"
"Iowa","1078","547","74","257","268","116","35","60","155","1126","596","75","267","282","127","44","61","154","1174","638","80","269","289","130","51","61","173","1251","668","84","279","291","135","61","64","190","1304","677","95","287","313","144","75","63","211","1370","700","101","321","333","149","87","67","229","1422","720","106","350","348","163","95","71","248","1496","820","113","389","371","167","97","80","275","1577","851","117","441","394","173","105","86","278","1641","900","119","482","412","191","117","94","298","1753","977","130","547","435","210","115","93","314","1868","1008","139","624","443","227","100","100","335","1971","1129","154","709","462","233","92","101","361","2083","1155","168","757","485","253","98","103","384","2239","1191","176","825","505","264","105","104","408","2385","1229","182","929","522","282","104","105","435","2494","1272","195","961","563","293","114","107","446","2598","1347","204","952","582","303","128","112","465","2723","1373","211","970","591","322","135","114","508","2852","1400","221","977","598","330","138","118","542","2944","1430","229","1030","614","349","141","129","549","3064","1475","241","1049","626","341","156","133","563","3154","1490","252","1042","633","343","163","136","593","3292","1553","262","1148","662","352","176","139","616"
"Kansas","1062","675","71","263","233","120","34","43","112","1146","716","78","273","240","132","45","44","90","1177","744","80","282","245","138","56","44","106","1245","783","82","287","248","144","69","49","127","1296","830","93","299","268","156","82","50","144","1323","855","96","334","285","165","101","56","176","1368","871","107","374","310","175","106","62","206","1373","958","116","420","326","187","85","68","252","1469","963","119","489","332","202","75","73","282","1461","1086","123","551","349","213","79","79","306","1550","1164","134","625","361","229","85","79","329","1632","1240","140","706","367","243","85","87","352","1740","1361","153","752","385","251","83","88","337","1885","1433","169","784","401","264","93","93","368","2024","1487","182","815","428","271","99","94","386","2170","1508","185","871","431","284","101","96","395","2297","1571","199","904","462","311","107","101","401","2403","1635","217","916","473","325","113","106","400","2490","1650","221","929","493","331","118","105","427","2560","1662","228","939","498","336","120","108","406","2650","1731","234","998","531","346","127","117","418","2828","1740","254","1058","551","348","157","119","421","2827","1670","262","1044","559","349","140","124","454","2964","1702","267","1119","567","353","138","125","417"
"Kentucky","1052","577","49","283","175","88","54","52","55","1136","628","55","288","193","99","63","53","59","1175","657","62","296","204","103","79","54","69","1200","679","67","307","215","108","96","56","70","1239","746","77","326","244","115","112","54","76","1307","773","85","358","267","120","129","58","86","1394","808","93","400","291","130","145","62","101","1438","841","98","454","297","133","144","70","124","1469","942","103","534","298","142","139","75","133","1554","1057","115","618","309","154","127","83","155","1666","1093","121","711","318","169","138","85","171","1788","1173","131","814","322","186","137","93","185","1856","1259","142","857","352","187","137","96","200","1999","1307","154","911","366","209","133","99","227","2200","1312","157","913","379","210","145","104","250","2355","1344","163","962","400","225","141","110","278","2435","1355","172","997","431","239","148","118","306","2494","1401","184","1002","446","243","147","120","322","2691","1438","190","1053","447","247","151","123","358","2790","1463","200","1062","452","250","148","129","402","2886","1546","208","1107","467","255","146","136","392","2942","1636","215","1095","464","260","140","139","399","3078","1719","218","1097","466","265","152","143","406","3217","1830","228","1199","476","268","160","149","477"
"Louisiana","1182","644","48","280","163","90","46","43","152","1255","689","56","285","183","102","66","45","180","1339","713","65","295","188","108","98","44","201","1408","726","73","313","178","116","133","46","209","1451","728","77","334","186","125","174","46","207","1461","743","81","359","191","135","209","49","209","1503","788","89","398","198","151","204","52","219","1541","858","90","432","210","152","145","58","236","1588","942","91","498","214","161","110","63","241","1578","1006","96","565","222","162","101","70","248","1697","1032","106","627","238","170","100","71","248","1805","1081","116","685","250","175","112","77","259","1916","1185","128","756","271","178","128","77","279","2026","1267","140","809","283","193","154","79","310","2092","1226","142","878","302","199","189","80","326","2243","1346","155","1010","319","231","199","81","359","2347","1397","169","1077","351","243","231","84","394","2452","1459","187","1125","365","244","255","86","444","2630","1506","192","1202","365","246","275","86","457","2804","1517","197","1209","375","251","285","89","501","2735","1502","206","1218","385","254","286","92","483","2773","1525","224","1226","390","278","288","96","503","2907","1617","227","1189","393","285","277","99","493","3050","1719","238","1257","399","290","283","101","479"
"Maine","998","524","76","232","287","117","59","40","214","1055","578","85","239","303","133","76","42","174","1116","628","90","241","312","138","93","42","209","1178","613","92","256","316","146","123","45","224","1266","659","110","285","335","151","148","45","259","1353","696","118","325","342","161","157","48","318","1421","760","127","381","350","175","170","51","352","1478","820","139","424","360","188","163","56","463","1559","913","150","479","371","203","155","60","533","1655","997","152","534","380","225","138","65","569","1778","1129","171","588","403","229","134","66","632","1917","1200","179","675","407","252","120","72","759","2109","1288","200","764","429","261","138","75","822","2311","1336","229","819","456","283","149","80","917","2541","1382","244","855","481","297","158","88","956","2733","1389","253","962","485","306","166","99","982","2893","1429","276","1006","503","330","178","110","993","3076","1470","286","1017","519","338","181","112","1062","3221","1538","283","1029","534","358","184","117","1095","3455","1548","284","1000","533","385","179","123","1031","3679","1570","293","1011","541","408","181","128","1013","3817","1619","320","996","587","376","191","130","965","3838","1629","322","1052","598","375","193","134","994","3953","1684","329","1159","590","377","203","137","1100"
"Maryland","1126","786","77","287","187","143","51","47","82","1192","828","86","291","197","152","63","47","96","1258","877","92","303","214","156","70","48","105","1284","948","100","319","232","163","80","52","116","1326","940","110","331","252","172","89","53","132","1372","963","115","364","263","179","90","58","162","1396","978","129","413","279","188","95","64","161","1405","947","136","451","306","178","93","70","168","1450","1071","131","501","308","193","94","75","171","1510","1142","137","564","321","209","91","81","184","1639","1196","153","662","363","226","95","81","188","1758","1285","169","767","369","252","101","88","197","1913","1373","179","828","402","259","102","92","234","2072","1463","189","852","445","277","103","95","241","2229","1495","200","901","481","295","106","97","260","2373","1587","213","1015","509","310","109","100","313","2536","1671","224","1053","549","332","114","105","323","2684","1748","240","1044","574","339","125","106","340","2810","1801","249","1079","594","343","140","110","381","2930","1839","255","1064","617","352","154","114","423","3049","1900","261","1050","626","355","154","119","423","3109","1987","269","1032","624","371","160","121","441","3158","2024","263","1067","619","369","170","123","457","3283","2113","276","1147","626","372","177","126","482"
"Massachusetts","1387","710","82","269","375","157","98","51","197","1478","770","92","275","384","170","119","51","189","1560","837","101","284","392","186","146","53","213","1591","841","107","275","407","189","181","57","255","1586","866","116","333","441","197","206","58","304","1625","890","131","364","470","203","228","63","322","1682","959","150","406","499","220","215","69","312","1742","1041","156","455","546","238","204","75","353","1772","1055","157","521","520","257","192","81","354","1861","1124","159","591","535","271","196","87","376","2030","1216","174","656","562","295","214","86","396","2205","1348","184","744","580","315","227","93","432","2459","1405","195","804","601","322","250","99","471","2624","1479","204","891","626","345","276","109","474","2777","1581","209","941","659","366","301","118","531","3055","1709","217","973","686","391","327","128","569","3287","1836","228","1001","747","422","340","139","639","3401","1942","245","1029","753","456","385","141","654","3602","2023","256","1057","753","461","424","142","699","3718","2057","268","1046","740","461","458","150","721","3725","2151","276","1068","734","473","504","158","729","3817","2220","281","1077","727","471","551","163","764","3872","2240","289","1130","720","473","596","166","787","3933","2264","301","1250","720","480","667","170","774"
"Michigan","1117","643","68","287","166","149","50","72","112","1176","662","76","295","175","164","63","74","104","1239","678","91","310","180","170","76","76","117","1308","707","97","319","184","179","93","81","130","1380","731","108","346","200","189","106","83","148","1432","749","117","383","215","199","115","90","163","1461","764","122","415","229","211","125","99","200","1477","799","123","447","240","213","101","107","191","1516","847","122","503","246","228","104","114","166","1557","888","129","553","265","248","109","126","173","1617","940","140","616","280","276","110","122","185","1717","994","149","684","290","288","116","127","186","1850","1045","161","754","306","289","131","138","192","2015","1106","177","821","317","313","148","153","190","2181","1167","188","782","334","323","166","170","218","2360","1231","194","857","349","337","184","190","222","2516","1273","209","891","372","346","214","212","220","2586","1371","220","907","392","359","238","216","230","2710","1454","222","946","408","363","255","216","241","2887","1503","228","951","424","367","266","231","263","2977","1599","235","982","448","374","266","246","280","3107","1652","247","975","463","369","271","253","300","3147","1662","251","1006","470","371","285","264","291","3256","1738","265","1106","478","379","288","273","273"
"Minnesota","920","629","69","234","349","133","47","60","256","964","683","77","240","356","153","61","62","206","975","766","81","249","356","153","73","65","236","1045","805","86","269","347","163","85","73","284","1086","865","99","292","360","175","93","76","309","1095","922","110","325","366","183","101","83","330","1226","913","120","361","367","200","103","91","322","1220","1075","130","407","386","220","104","97","370","1324","1070","134","465","387","230","105","101","385","1418","1167","143","522","399","250","102","104","419","1535","1265","144","582","414","268","109","97","484","1718","1295","154","643","427","299","118","100","565","1823","1363","166","702","437","314","140","101","646","1970","1399","187","746","446","345","163","103","665","2141","1448","190","780","465","361","197","107","643","2282","1514","197","852","470","377","218","107","646","2403","1589","210","885","497","398","252","110","694","2496","1596","218","880","512","397","293","112","726","2669","1618","218","881","532","411","345","110","737","2796","1670","227","885","534","419","372","118","760","2959","1643","231","886","544","425","398","125","757","3057","1694","249","873","561","395","433","129","785","3232","1715","255","899","569","395","468","131","800","3373","1759","270","955","585","404","524","135","867"
"Mississippi","1001","520","38","261","131","73","60","42","47","1079","512","41","269","145","84","72","46","62","1140","572","44","271","149","88","95","44","70","1217","588","47","289","155","96","120","46","74","1343","634","52","297","157","102","138","46","82","1411","664","56","324","170","105","165","49","91","1418","736","63","361","197","115","167","51","114","1491","734","65","399","211","119","125","61","121","1512","740","58","462","215","130","107","70","141","1582","854","62","524","227","138","99","81","163","1711","952","72","584","244","153","90","85","197","1829","1019","87","654","259","161","92","97","218","1930","1079","92","721","286","171","107","103","219","2106","1084","107","796","324","170","137","109","258","2173","1188","109","859","356","183","147","114","258","2355","1273","113","924","377","201","157","120","272","2536","1313","129","988","409","210","172","130","288","2664","1367","145","977","422","218","178","133","320","2715","1411","145","1026","425","219","192","137","346","2659","1435","156","1008","432","231","199","144","379","2713","1498","165","1026","446","226","211","150","399","3107","1563","173","1067","441","244","211","154","409","3146","1532","177","1035","440","250","210","161","411","3228","1565","190","1132","450","253","212","165","452"
"Missouri","1152","559","51","259","226","103","46","37","85","1251","621","59","267","235","113","57","37","90","1340","629","57","272","246","116","72","40","109","1402","679","65","282","251","125","85","44","129","1423","670","79","305","280","133","100","46","144","1465","693","86","321","307","140","117","51","162","1495","731","98","353","337","147","128","56","170","1534","800","103","404","351","160","120","61","192","1573","826","104","492","349","167","132","64","199","1655","904","119","564","362","177","113","69","215","1787","916","121","641","379","198","123","70","232","1924","1035","131","724","384","212","119","75","251","2141","1059","140","805","388","214","120","76","249","2256","1098","151","851","400","232","123","78","263","2408","1062","164","896","421","238","131","81","273","2424","1095","171","967","427","240","128","82","278","2729","1201","186","988","452","256","135","86","290","2963","1241","197","1005","470","263","153","88","313","3036","1278","199","1041","478","272","177","89","333","3117","1336","205","1076","486","278","189","92","335","3193","1464","213","1130","506","282","198","96","357","3369","1513","221","1147","514","292","215","100","386","3390","1533","225","1145","521","292","220","104","429","3492","1542","228","1273","531","295","227","107","413"
"Montana","1000","534","71","253","182","116","43","55","100","1053","566","80","263","186","128","49","55","129","1082","571","89","273","185","133","55","57","143","1107","543","84","267","206","142","94","62","149","1197","589","93","273","233","152","103","63","147","1158","627","92","305","237","155","96","69","171","1321","664","105","338","248","169","83","76","154","1417","691","108","362","263","181","75","86","165","1520","737","130","403","258","198","83","96","169","1588","816","143","442","270","211","78","107","203","1718","902","156","469","300","232","85","110","235","1802","1019","159","500","299","244","98","123","218","1932","1097","172","556","323","251","90","124","249","2081","1160","179","568","319","263","92","126","271","2309","1182","193","614","334","274","102","128","296","2459","1241","201","700","324","287","96","129","306","2578","1307","210","753","362","310","106","133","324","2712","1362","224","764","378","321","114","135","363","2911","1432","225","785","395","322","116","136","380","3106","1477","241","783","403","336","119","144","424","3239","1562","259","784","401","339","129","153","434","3390","1620","279","793","406","370","146","160","482","3664","1619","287","814","413","377","153","163","503","3722","1658","303","865","422","387","151","165","546"
"Nebraska","1024","519","57","258","225","109","28","70","83","1103","574","67","268","231","121","38","70","80","1157","597","69","277","249","123","40","74","92","1216","624","71","292","270","135","41","76","99","1271","608","82","308","294","160","47","77","111","1381","622","89","346","322","151","56","83","133","1396","656","97","382","343","158","59","90","152","1431","730","99","431","361","166","65","99","173","1539","756","106","498","357","182","62","104","185","1692","837","122","555","374","193","50","110","211","1867","932","137","617","406","209","51","109","234","1973","1022","149","649","433","221","46","117","263","2090","1120","171","716","455","225","50","122","274","2231","1221","176","797","465","239","54","127","286","2453","1230","191","836","498","247","67","132","302","2671","1321","200","909","498","258","68","137","313","2750","1395","214","958","531","274","74","145","322","2897","1496","238","964","530","281","82","150","343","3001","1506","251","1001","541","277","85","150","380","3148","1557","260","1042","563","312","90","157","396","3175","1672","280","1075","585","307","86","171","364","3265","1733","311","1108","591","313","93","175","390","3341","1745","294","1155","598","320","98","181","401","3492","1758","296","1242","605","326","97","185","412"
"Nevada","866","792","87","268","88","130","43","52","55","907","855","106","283","96","143","63","54","58","939","854","102","305","91","140","74","57","57","969","849","99","317","92","158","131","63","57","951","873","114","337","87","162","132","66","64","970","877","116","369","88","175","122","75","69","955","933","111","413","84","182","121","80","74","979","983","111","448","88","195","100","88","82","1036","984","111","512","103","213","89","93","89","1079","1060","115","567","117","229","79","99","103","1182","1133","123","629","127","243","71","98","112","1329","1223","140","702","130","262","75","105","128","1365","1385","149","758","138","275","90","113","124","1480","1480","161","789","148","294","106","119","123","1541","1564","164","830","156","299","122","126","130","1618","1585","172","911","151","316","130","131","135","1753","1610","187","943","168","338","151","145","134","1889","1624","203","940","182","340","164","139","137","1926","1647","215","923","193","322","184","133","156","1971","1640","230","894","207","322","200","136","190","2038","1677","231","899","224","331","221","141","198","2032","1696","247","886","242","336","238","145","205","2206","1748","262","866","248","341","240","147","217","2376","1872","273","966","250","349","233","150","244"
"New Hampshire","968","591","83","275","205","146","48","50","92","1066","652","92","285","220","158","57","52","99","1132","677","67","287","248","124","70","44","122","1100","730","78","286","265","143","85","52","150","1143","787","96","320","296","166","109","58","171","1159","855","104","343","315","184","130","68","216","1183","886","111","378","342","216","134","75","202","1198","1011","121","423","351","219","125","83","239","1265","1102","136","491","341","238","133","89","220","1356","1141","141","548","341","250","130","96","241","1454","1212","147","596","357","284","135","95","242","1620","1194","153","644","389","327","132","102","257","1828","1255","164","723","408","342","139","110","258","1995","1417","177","780","432","373","144","120","293","2188","1509","187","926","461","399","148","133","320","2466","1580","194","956","473","429","156","138","340","2688","1685","214","993","497","437","167","146","366","2830","1781","234","1008","524","463","179","149","406","3151","1882","250","1050","535","483","192","153","437","3363","1951","251","1038","548","496","200","163","455","3456","2057","259","1061","566","511","204","173","479","3542","2124","257","1080","575","516","216","180","557","3674","2176","254","1154","579","516","217","184","615","3771","2227","263","1222","584","533","228","191","571"
"New Jersey","1167","768","106","302","224","169","66","57","97","1266","862","113","312","239","183","81","55","86","1359","864","121","326","247","181","96","56","96","1419","914","127","345","257","194","110","62","119","1400","993","142","389","292","215","123","65","132","1393","986","152","428","314","229","131","71","151","1414","1026","161","477","330","236","135","79","170","1444","1067","172","536","354","253","133","90","176","1431","1124","173","614","357","251","146","99","186","1570","1230","169","692","369","260","142","113","196","1610","1312","184","760","371","283","142","114","214","1765","1390","191","821","395","310","150","125","241","1880","1414","200","918","409","310","160","123","264","1952","1491","217","984","447","337","170","127","282","2032","1614","229","1125","468","354","178","128","306","2125","1683","238","1152","483","380","172","130","364","2222","1858","259","1176","527","394","178","133","351","2226","1960","274","1197","556","404","192","135","375","2485","2011","289","1254","564","391","206","135","392","2519","2020","302","1209","563","392","220","141","412","2536","2111","317","1200","561","392","228","147","454","2748","2212","331","1179","567","404","239","150","439","2822","2284","350","1209","565","407","241","153","413","2915","2369","361","1355","565","413","244","159","478"
"New Mexico","1013","525","72","242","108","96","29","68","88","1089","584","74","250","115","107","38","68","71","1134","598","78","258","109","107","47","70","86","1140","613","81","272","107","112","65","76","105","1147","646","115","284","112","125","96","79","135","1178","707","102","303","111","132","113","88","171","1252","743","102","319","116","140","125","98","166","1300","775","107","349","118","151","98","108","167","1391","771","118","403","129","160","64","116","170","1384","802","115","454","147","173","65","128","190","1479","835","135","499","163","190","84","126","207","1560","885","143","537","175","207","106","135","245","1580","963","151","574","184","216","135","138","276","1732","1051","161","614","192","228","141","144","342","1982","1087","170","635","202","243","159","149","393","2015","1160","181","682","203","250","180","157","429","2156","1226","197","717","217","276","202","167","416","2426","1267","209","693","228","289","207","171","426","2623","1362","216","700","234","289","220","171","399","2777","1374","229","697","237","307","230","179","409","2791","1479","241","698","259","319","230","188","363","2889","1552","262","690","266","332","224","192","364","2973","1560","260","669","277","337","226","197","361","3166","1591","268","748","283","348","250","207","354"
"New York","1355","657","84","269","289","144","167","41","198","1431","727","88","276","299","156","183","39","236","1512","765","97","285","310","159","206","42","271","1600","795","101","299","325","162","212","46","296","1619","833","105","337","345","174","237","49","322","1663","849","112","381","368","176","257","54","354","1674","877","121","423","382","187","265","61","389","1689","950","137","466","418","193","264","66","434","1756","963","152","532","449","205","257","69","472","1816","1006","163","605","463","213","256","74","489","1921","1114","180","675","490","239","261","76","525","2052","1178","188","762","510","260","275","81","578","2224","1269","195","869","528","270","300","85","648","2379","1317","207","966","546","285","315","92","675","2487","1376","214","1018","561","303","327","101","709","2675","1487","219","1048","563","322","332","108","766","2792","1532","235","1099","585","336","354","118","820","2842","1590","249","1140","602","345","371","119","839","3052","1646","262","1214","613","345","384","120","906","3165","1673","272","1239","620","349","409","127","940","3226","1731","280","1276","634","353","415","133","969","3362","1769","284","1217","619","349","410","136","930","3501","1814","287","1289","615","354","443","139","908","3633","1873","299","1435","619","361","478","144","936"
"North Carolina","948","548","52","265","154","104","54","53","85","1026","594","60","273","166","115","67","53","88","1072","654","68","278","181","120","80","56","111","1123","683","72","291","196","131","105","60","124","1184","693","83","313","219","142","121","64","140","1248","729","86","338","240","147","139","71","158","1296","761","92","376","257","160","147","80","172","1309","785","97","411","268","166","128","84","193","1383","849","94","483","267","183","126","88","198","1472","914","99","567","278","196","125","92","214","1549","1077","108","662","294","225","136","88","224","1633","1082","116","735","313","233","139","91","237","1769","1121","127","818","338","240","149","94","245","1899","1188","142","878","364","261","170","100","264","1989","1260","154","911","389","277","185","107","288","2108","1292","165","956","397","294","185","114","340","2135","1303","182","972","425","310","193","125","369","2171","1358","192","1003","428","326","196","124","414","2321","1403","201","1052","436","337","205","125","453","2424","1431","200","1053","447","342","201","130","388","2536","1492","204","1073","455","347","198","133","369","2727","1571","211","1100","450","343","191","139","341","2682","1572","212","1139","449","349","193","138","293","2779","1612","221","1238","453","357","195","142","267"
"North Dakota","1055","662","60","240","296","99","19","50","207","1157","710","66","249","304","112","23","51","220","1236","712","77","259","307","121","27","56","233","1333","731","84","285","318","135","26","61","246","1445","811","92","301","337","149","33","65","257","1524","795","96","337","349","152","36","73","276","1649","769","96","352","351","159","37","80","276","1726","810","100","408","365","179","35","88","312","1757","805","107","474","376","193","33","94","326","1793","853","112","548","405","201","31","100","373","2006","905","116","641","443","214","32","97","382","2241","982","118","724","479","238","28","102","412","2218","1090","123","797","503","243","31","101","416","2343","1172","130","861","512","267","36","103","455","2489","1212","138","934","539","275","42","104","471","2635","1254","142","1056","556","289","45","106","490","2778","1362","151","1148","587","316","50","108","509","2978","1457","168","1167","604","342","52","120","552","3370","1451","180","1147","647","354","51","121","599","3473","1525","200","1178","691","391","52","134","681","3803","1564","215","1130","709","404","63","148","721","3910","1677","228","1075","704","406","67","167","743","4215","1686","244","1104","726","414","70","165","762","4479","1713","260","1175","745","430","72","165","811"
"Ohio","1120","671","69","261","241","116","44","48","111","1203","705","76","266","283","128","52","50","134","1263","730","99","283","296","132","62","52","137","1304","751","88","305","302","139","84","55","147","1344","766","98","335","321","148","105","55","164","1409","788","105","374","350","158","119","59","174","1426","785","110","420","374","165","118","62","170","1408","823","113","456","395","176","120","71","197","1477","862","114","512","402","185","122","75","205","1539","940","121","565","428","198","121","82","231","1705","1052","131","629","462","216","124","81","259","1831","1132","142","724","480","237","128","87","287","1987","1206","151","785","507","232","140","94","327","2172","1262","161","823","524","252","152","94","351","2389","1301","166","834","546","268","167","99","356","2546","1328","171","884","555","274","173","102","355","2646","1393","176","905","590","283","187","112","368","2729","1448","189","894","594","297","200","114","382","3085","1490","196","913","589","303","218","115","413","3189","1534","192","905","589","316","232","122","445","3196","1587","200","938","595","331","240","130","435","3494","1689","218","926","594","316","245","134","457","3650","1698","222","944","601","315","251","139","466","3809","1779","233","1023","605","317","259","144","542"
"Oklahoma","990","582","63","265","179","102","41","47","97","1056","631","72","274","184","116","53","49","103","1091","644","76","272","192","114","79","51","112","1135","673","78","284","193","121","129","55","132","1188","699","89","303","211","128","174","57","146","1240","726","99","330","221","135","198","62","160","1234","782","100","353","237","146","178","69","167","1276","823","107","383","256","157","135","75","190","1333","883","120","447","246","164","98","79","200","1385","934","118","503","250","181","97","83","214","1490","1047","114","565","271","191","107","81","240","1587","1092","122","612","276","209","116","86","261","1820","1144","131","663","308","225","128","85","247","1882","1155","145","736","322","241","142","86","262","2090","1232","149","775","339","255","164","86","276","2178","1298","166","878","327","269","173","86","305","2289","1379","171","941","352","290","196","88","327","2419","1416","185","986","381","313","216","94","356","2460","1444","191","1028","380","313","228","89","372","2585","1447","204","1042","363","321","235","95","358","2728","1529","218","1063","364","328","228","103","361","2868","1553","234","1103","389","332","221","108","366","2964","1582","245","1088","397","335","201","112","370","3118","1651","260","1180","408","342","195","115","359"
"Oregon","808","626","84","240","159","175","32","42","143","887","679","95","247","162","186","37","44","157","929","698","95","251","164","198","45","44","176","940","715","97","266","175","213","46","47","187","973","752","106","283","184","230","55","47","202","989","760","109","318","190","239","59","51","220","1029","808","112","354","196","255","65","55","218","1085","968","115","380","212","265","52","62","253","1149","975","124","413","215","280","52","68","289","1233","979","135","448","225","297","54","76","304","1364","1136","150","482","232","317","54","81","339","1477","1149","162","532","239","338","56","88","358","1553","1292","174","561","242","337","64","90","365","1682","1412","188","575","270","353","77","93","383","1826","1510","204","611","295","367","82","99","402","1934","1610","215","684","305","381","87","104","421","2032","1585","237","729","332","406","112","108","439","2103","1651","253","740","355","413","118","108","465","2266","1632","259","753","383","411","125","108","547","2435","1652","272","742","401","416","126","112","573","2513","1725","285","760","424","421","129","117","595","2586","1744","305","761","438","440","141","121","583","2699","1802","320","788","445","448","157","125","684","2940","1879","330","882","467","457","167","129","793"
"Pennsylvania","1313","693","80","293","251","128","51","50","160","1430","714","89","304","267","133","61","49","203","1480","753","102","315","283","140","72","52","219","1483","800","106","322","297","154","86","55","234","1537","811","118","370","330","154","103","56","242","1497","822","127","410","363","156","113","61","264","1542","850","136","462","397","168","114","67","290","1543","883","146","520","423","163","108","74","327","1590","974","156","582","437","181","105","80","352","1670","1035","159","641","461","196","102","88","382","1781","1097","173","717","498","212","115","87","411","1881","1163","175","804","514","230","117","93","438","2005","1257","183","888","551","240","122","95","473","2156","1336","200","955","569","255","127","99","494","2356","1394","208","1008","590","268","136","102","533","2513","1420","213","1048","620","269","137","105","554","2651","1526","229","1093","657","274","149","107","560","2735","1617","236","1107","658","280","162","108","585","2799","1668","239","1150","667","275","174","109","619","2992","1704","258","1150","747","301","188","117","665","3136","1786","271","1165","754","306","198","125","692","3205","1865","290","1158","754","310","217","131","702","3329","1901","299","1225","763","314","221","137","689","3416","1967","308","1345","774","316","244","141","747"
"Rhode Island","1159","633","73","287","314","151","63","37","220","1213","669","75","291","357","169","82","37","272","1257","730","83","305","368","159","96","37","310","1303","735","83","283","366","173","103","39","305","1396","807","91","367","390","190","113","39","355","1407","798","94","412","402","198","122","43","393","1514","809","104","441","421","204","124","47","418","1500","860","108","501","455","228","126","52","495","1537","873","111","591","468","228","116","56","533","1633","944","115","679","486","238","105","62","548","1768","1008","124","759","510","243","107","61","608","1927","1078","142","840","538","248","104","66","663","2080","1139","157","942","566","259","114","72","695","2258","1227","176","1008","583","276","123","79","767","2374","1370","188","1153","620","281","147","86","801","2548","1430","209","1138","636","301","163","95","830","2693","1475","234","1166","668","312","188","106","908","2894","1546","250","1191","673","325","197","108","895","3069","1601","259","1239","671","331","211","111","900","3189","1623","270","1216","685","335","222","119","910","3321","1678","285","1215","705","334","229","124","891","3396","1746","295","1235","723","332","237","128","869","3469","1772","300","1263","738","334","243","132","911","3617","1855","311","1411","742","335","252","138","888"
"South Carolina","1050","521","45","246","114","101","43","50","92","1129","555","52","253","121","110","50","52","117","1197","598","57","259","127","112","70","54","128","1272","624","62","276","138","120","82","57","126","1295","652","69","299","153","130","107","59","135","1299","679","74","331","166","134","131","64","148","1408","732","83","373","179","149","131","70","159","1429","781","92","405","189","157","109","78","185","1486","835","86","471","197","165","108","84","202","1550","881","77","537","210","192","106","92","215","1653","998","89","609","236","205","107","92","248","1777","1079","100","686","239","218","106","101","243","1883","1155","103","762","265","220","102","107","236","1972","1250","114","808","278","236","108","113","260","2065","1266","124","898","309","251","115","118","257","2165","1327","134","943","330","262","121","126","247","2276","1359","147","963","358","272","132","135","246","2425","1390","160","972","361","289","149","135","278","2560","1400","165","1021","365","283","163","136","270","2669","1409","168","1036","384","299","173","141","274","2727","1466","174","1054","390","301","179","146","271","2769","1503","189","1080","385","304","193","149","280","2837","1560","201","1112","376","309","211","152","262","2933","1618","204","1193","383","319","219","154","288"
"South Dakota","1110","532","64","218","229","100","9","48","118","1153","571","70","225","239","116","11","48","126","1175","603","74","224","254","125","16","51","142","1247","644","79","246","269","126","18","56","174","1344","674","88","264","296","139","19","58","190","1414","716","95","292","321","142","25","65","210","1478","798","100","317","342","151","24","72","205","1504","854","104","349","369","161","20","76","220","1604","980","114","387","372","171","22","77","226","1667","1049","114","413","389","191","24","79","234","1826","986","121","480","413","205","27","75","246","1993","1125","125","549","434","229","24","77","278","2144","1195","141","592","493","242","26","80","267","2275","1203","158","615","508","255","30","85","298","2594","1191","171","676","523","277","38","90","325","2824","1300","174","724","485","281","45","95","330","2930","1369","184","760","502","315","46","101","371","3138","1450","196","760","527","331","54","106","391","3391","1514","202","761","554","335","63","105","409","3648","1553","222","774","557","357","57","112","423","3853","1603","226","819","566","367","76","123","431","4000","1622","238","854","572","395","74","124","457","4169","1616","245","881","573","403","80","126","454","4415","1635","256","949","574","416","93","126","468"
"Tennessee","1103","638","57","295","159","103","99","44","58","1208","676","60","305","175","116","120","45","62","1261","735","68","315","189","122","147","46","68","1264","762","72","326","204","130","169","50","83","1243","861","84","356","239","137","184","50","114","1298","891","98","383","270","140","182","56","117","1322","950","100","426","309","151","160","58","128","1318","1023","105","467","303","156","130","66","150","1369","1041","107","541","286","170","111","73","151","1451","1118","107","613","286","181","101","80","168","1529","1256","116","715","308","198","98","82","194","1609","1223","129","825","303","211","106","89","207","1709","1331","137","951","321","222","109","96","217","1812","1478","152","1038","338","234","131","100","241","1932","1505","159","1047","366","246","132","102","284","2037","1519","160","1069","389","250","146","102","278","2130","1523","175","1116","407","265","164","112","328","2105","1587","178","1125","408","270","185","113","334","2167","1625","177","1154","424","275","197","114","366","2253","1675","193","1128","418","284","207","120","347","2288","1716","194","1132","431","286","211","126","359","2448","1791","203","1137","425","285","206","130","381","2540","1813","209","1115","412","282","206","133","395","2617","1880","219","1216","413","287","214","136","391"
"Texas","982","633","63","264","129","100","54","52","78","1074","672","70","269","136","112","70","54","74","1128","684","73","275","140","118","89","56","88","1126","708","71","283","144","123","110","59","96","1140","752","82","301","155","131","148","60","103","1175","769","89","326","164","137","176","64","118","1194","820","99","358","177","147","198","68","142","1233","861","103","385","184","172","162","76","154","1273","946","106","433","186","183","126","81","162","1320","979","114","483","191","194","117","86","173","1452","1050","121","529","198","205","127","84","175","1591","1162","125","552","199","203","140","90","193","1658","1192","127","610","210","203","155","92","205","1731","1271","133","640","219","209","170","94","211","1851","1426","136","694","231","217","190","95","220","1927","1426","140","799","239","225","198","96","227","2000","1408","150","887","257","242","215","99","236","2110","1460","160","904","263","275","233","103","250","2250","1499","167","921","273","275","263","98","258","2342","1518","176","913","285","280","277","103","269","2397","1571","185","928","295","286","283","109","275","2545","1621","196","941","297","285","290","111","271","2605","1628","198","949","299","284","280","113","305","2698","1695","208","1073","305","289","282","115","333"
"Utah","767","495","53","230","95","129","27","71","112","819","516","57","233","105","143","33","72","88","847","544","64","244","109","152","42","72","109","852","545","74","259","107","156","52","75","103","884","547","82","281","113","173","66","75","113","939","571","89","316","115","176","76","79","130","1005","619","97","354","121","192","86","86","129","965","669","108","377","123","214","72","94","143","936","673","114","416","127","218","57","98","155","1042","711","107","457","136","235","69","104","170","1121","762","115","531","141","251","73","102","196","1213","853","118","612","141","268","83","104","217","1310","918","129","650","147","271","98","110","226","1447","988","137","656","153","299","112","117","234","1551","1045","147","687","167","308","125","129","240","1595","1077","148","741","168","314","129","139","270","1668","1141","158","755","175","339","136","150","278","1796","1160","165","753","188","349","147","147","285","1888","1178","168","731","199","341","162","142","294","1949","1198","171","706","208","349","161","144","283","2039","1211","184","723","221","352","166","151","296","2133","1246","190","732","227","369","176","154","315","2169","1293","198","720","228","371","186","158","336","2351","1319","212","784","230","376","188","161","361"
"Vermont","927","512","67","240","219","132","63","40","139","993","539","76","247","223","144","74","40","145","1046","574","81","243","230","153","88","41","179","1111","600","81","240","242","160","97","43","210","1211","635","96","267","263","172","111","45","245","1205","676","100","293","286","177","119","49","285","1269","733","110","328","301","195","127","53","277","1319","786","129","374","307","210","128","58","307","1474","830","144","443","306","224","126","63","338","1570","959","156","497","327","248","126","69","390","1656","1084","166","539","354","270","136","69","448","1819","1179","179","620","357","295","146","74","499","2156","1258","189","679","380","305","160","76","535","2306","1322","212","725","399","327","178","80","586","2565","1360","221","840","428","348","190","86","531","2885","1399","234","862","439","362","192","91","470","3070","1373","252","864","474","390","210","96","566","3262","1425","259","910","472","401","222","99","573","3578","1455","267","941","469","410","227","101","662","3796","1485","273","948","499","424","237","107","720","4011","1577","281","983","516","425","256","115","709","4257","1642","296","1022","530","441","269","119","725","4527","1706","305","1158","546","459","284","124","810","4670","1750","321","1158","563","463","301","129","837"
"Virginia","993","644","57","268","132","124","38","46","51","1027","651","63","271","139","133","44","48","57","1065","684","75","275","150","140","51","49","65","1082","726","77","289","158","146","69","53","76","1127","720","78","327","174","155","75","55","83","1170","756","90","349","194","160","83","61","93","1213","793","90","382","215","170","86","68","96","1240","838","95","416","224","170","80","75","106","1299","837","101","459","232","187","76","81","115","1336","955","106","513","249","224","71","87","131","1425","956","115","571","266","226","74","87","136","1508","1064","122","646","275","250","77","93","150","1646","1189","129","696","289","256","84","97","151","1774","1264","139","772","297","277","89","102","165","1908","1297","147","813","318","297","95","105","185","1996","1377","156","868","334","319","100","110","203","2117","1433","169","898","364","338","109","116","232","2212","1526","182","911","386","358","119","117","293","2381","1590","188","941","409","361","127","118","337","2461","1627","196","921","416","372","137","123","356","2539","1715","204","941","430","387","144","128","388","2706","1791","216","943","432","382","151","131","393","2789","1811","218","974","437","381","152","133","412","2912","1877","225","1015","438","383","152","135","420"
"Washington","889","699","86","273","186","195","46","57","91","962","742","91","276","199","219","52","58","86","975","744","100","279","208","228","65","58","95","1013","751","105","291","212","244","72","61","99","1031","796","117","302","263","257","81","60","107","1053","808","121","327","238","266","79","63","126","1066","807","132","363","243","282","73","68","134","1084","946","142","400","247","293","81","75","154","1222","973","151","445","244","309","81","83","173","1247","1050","161","480","254","332","69","91","187","1354","1134","179","529","262","359","69","91","193","1492","1253","190","574","274","383","65","99","197","1642","1351","203","618","289","390","73","103","198","1736","1418","216","647","292","407","92","108","211","1856","1503","231","679","310","420","99","115","236","1953","1560","242","759","313","432","109","119","243","2146","1623","262","796","336","463","123","126","253","2336","1699","276","790","361","481","139","127","278","2554","1793","287","785","380","471","142","124","302","2649","1824","294","750","398","474","146","129","317","2724","1868","297","747","423","470","153","134","302","2949","1900","300","737","449","482","168","139","336","3003","1924","314","740","453","489","172","142","372","3090","2064","324","795","462","498","188","146","346"
"West Virginia","1168","598","48","304","187","81","49","62","100","1273","668","56","313","201","110","66","64","106","1339","703","61","329","214","116","90","64","137","1395","743","67","344","221","107","105","67","187","1461","770","72","376","242","118","137","66","214","1534","793","73","400","260","117","155","70","235","1617","847","81","449","276","129","148","75","244","1689","874","88","483","295","138","120","86","272","1750","921","96","535","301","143","119","96","274","1825","998","104","581","311","153","105","106","287","1992","1094","115","671","325","175","105","106","305","2102","1181","131","765","335","189","101","116","338","2260","1225","134","857","358","191","114","118","387","2434","1272","144","935","389","213","125","123","399","2630","1297","149","982","433","224","135","126","420","2754","1323","151","1107","453","234","138","130","416","2921","1361","158","1176","493","248","150","139","440","2999","1416","172","1186","503","269","172","146","464","3255","1489","181","1216","507","273","187","153","510","3351","1509","187","1208","510","277","206","161","551","3452","1579","201","1241","518","277","230","173","595","3758","1660","211","1220","521","291","260","177","665","3876","1709","221","1218","529","296","265","181","675","4037","1807","238","1377","539","297","272","186","710"
"Wisconsin","982","632","63","243","261","141","47","48","141","1037","696","71","252","268","152","54","50","139","1082","753","76","267","282","157","57","51","153","1130","789","82","286","288","168","64","53","163","1147","841","98","306","309","185","81","53","180","1237","830","108","342","327","194","85","57","205","1291","853","118","377","347","197","89","61","204","1343","876","123","425","356","213","85","65","222","1434","1008","124","484","353","228","79","67","229","1516","1078","129","541","367","272","75","70","264","1648","1237","139","603","386","268","84","69","318","1822","1344","144","639","386","286","87","74","305","1966","1416","154","681","407","306","96","77","306","2106","1504","167","726","421","313","113","81","351","2228","1626","183","760","440","326","129","86","365","2392","1745","186","841","451","343","143","93","346","2506","1838","198","876","475","361","162","100","353","2638","1924","208","906","490","380","168","101","355","2824","1953","208","960","509","393","189","104","372","3011","1951","212","961","520","426","197","108","322","3120","1996","223","984","527","441","203","114","362","3206","2029","235","969","541","390","208","118","365","3253","2040","248","1011","538","386","224","121","367","3502","2168","264","1103","553","396","230","125","363"
"Wyoming","1016","508","68","235","141","119","22","50","67","1016","526","77","235","149","131","26","51","77","1079","573","80","246","165","132","38","55","108","1133","586","84","243","195","147","50","62","134","1221","627","106","253","206","154","57","66","149","1290","637","100","289","210","168","71","76","182","1347","688","107","334","211","170","71","87","188","1404","798","123","362","212","180","63","93","207","1524","805","144","391","209","194","52","96","211","1633","953","151","427","220","203","45","100","229","1743","1018","166","479","244","227","49","95","248","1887","1157","177","531","249","243","55","99","295","2010","1211","200","578","266","245","60","98","321","2136","1260","222","619","283","263","64","99","343","2347","1322","223","665","305","290","68","100","362","2543","1404","237","792","309","302","64","102","392","2744","1474","256","840","323","344","61","105","398","2864","1566","285","816","335","358","61","109","417","3029","1565","293","781","349","355","68","102","431","3287","1636","304","740","361","375","72","108","419","3441","1676","331","723","377","376","71","118","441","3607","1732","367","703","387","401","73","122","440","3789","1699","363","702","390","402","72","124","420","4001","1771","377","751","385","414","77","129","416"

"Notes"
"*Health Spending Per Capita* includes spending for all privately and publicly funded personal health care services and products (hospital care, physician services, nursing home care, prescription drugs, etc.) by state of residence (aggregate spending divided by population). Hospital spending is included and reflects the total net revenue (gross charges less contractual adjustments, bad debts, and charity care). Costs such as insurance program administration, research, and construction expenses are not included in this total."
""
"The Centers for Medicare and Medicaid Services (CMS) Office of the Actuary produces Health Expenditures by State of Residence and Health Expenditures by State of Provider every five years. The State Health Expenditure Accounts are a subcomponent of the National Health Expenditure Accounts (NHEA), the official government estimates of health spending in the United States.  "
""
"Additional information on data and methods is available [here.](http://www.cms.gov/Research-Statistics-Data-and-Systems/Statistics-Trends-and-Reports/NationalHealthExpendData/NationalHealthAccountsStateHealthAccountsResidence.html)  "
""
"For additional analysis of these data, please see Health Affairs article, [""Health Spending by State, 1991-2014: Measuring Per Capita Spending by Payer and Programs""](http://content.healthaffairs.org/content/early/2017/06/13/hlthaff.2017.0416)."

"Sources"
"Centers for Medicare & Medicaid Services, Office of the Actuary, National Health Statistics Group. [National Health Expenditure Data: Health Expenditures by State of Residence](https://www.cms.gov/Research-Statistics-Data-and-Systems/Statistics-Trends-and-Reports/NationalHealthExpendData/NationalHealthAccountsStateHealthAccountsResidence.html), June 2017."

"Definitions"
"*Hospital Care*: Covers all services provided by hospitals to patients. These include room and board, ancillary charges, services of resident physicians, inpatient pharmacy, hospital-based nursing home and home health care, and any other services billed by hospitals in the United States. The value of hospital services is measured by total net revenue, which equals gross patient revenues (charges) less contractual adjustments, bad debts, and charity care. It also includes government tax appropriations as well as non-patient and non-operating revenues."
""
"*Physician and Clinical Services*: Covers services provided in establishments operated by Doctors of Medicine (M.D.) and Doctors of Osteopathy (D.O.), outpatient care centers, plus the portion of medical laboratories services that are billed independently by the laboratories. This category also includes services rendered by a doctor of medicine (M.D.) or doctor of osteopathy (D.O.) in hospitals, if the physician bills independently for those services. Clinical services provided in freestanding outpatient clinics operated by the U.S. Department of Veterans&rsquo; Affairs, the U.S. Coast Guard Academy, the U.S. Department of Defense, and the U.S. Indian Health Service are also included."
""
"*Other Professional Services*: Covers services provided in establishments operated by health practitioners other than physicians and dentists. These professional services include those provided by private-duty nurses, chiropractors, podiatrists, optometrists, and physical, occupational and speech therapists, among others."
""
"*Prescription Drugs*: Covers the &ldquo;retail&rdquo; sales of human-use dosage-form drugs, biological drugs, and diagnostic products that are available only by a prescription."
""
"*Other Non-Durable Medical Products*: Covers the &ldquo;retail&rdquo; sales of non-prescription drugs (products purchased over the counter such as analgesics and cough and allergy medications) and medical sundries (items such as surgical and medical instruments and surgical dressings, and diagnostic products such as needles and thermometers)."
""
"*Nursing Home Care*: Covers nursing and rehabilitative services provided in freestanding nursing home facilities. These services are generally provided for an extended period of time by registered or licensed practical nurses and other staff. Care received in state &amp; local government facilities and nursing facilities operated by the U.S. Department of Veterans Affairs are also included."
""
"*Dental Services*: Covers services provided in establishments operated by a Doctor of Dental Medicine (D.M.D.) or Doctor of Dental Surgery (D.D.S.) or a Doctor of Dental Science (D.D.Sc.)."
""
"*Home Health Care*: Covers medical care provided in the home by freestanding home health agencies (HHAs). Medical equipment sales or rentals not billed through HHAs and non-medical types of home care (e.g., Meals on Wheels, chore-worker services, friendly visits, or other custodial services) are excluded."
""
"*Medical Durables*: Covers &ldquo;retail&rdquo; sales of items such as contact lenses, eyeglasses and other ophthalmic products, surgical and orthopedic products, hearing aids, wheelchairs, and medical equipment rentals."
""
"*Other Health, Residential, and Personal Care*: This category includes spending for Medicaid home and community based waivers, care provided in residential care facilities, ambulance services, school health and worksite health care. Generally these programs provide payments for services in non-traditional settings such as community centers, senior citizens centers, schools, and military field stations. The residential establishments are classified as facilities for the intellectually disabled, and mental health and substance abuse facilities. The ambulance establishments are classified as Ambulance services."


